<?xml version="1.0" encoding="UTF-8"?>
<project-private xmlns="http://www.netbeans.org/ns/project-private/1">
    <editor-bookmarks xmlns="http://www.netbeans.org/ns/editor-bookmarks/2" lastBookmarkId="0"/>
    <open-files xmlns="http://www.netbeans.org/ns/projectui-open-files/2">
        <group>
            <file>file:/C:/Users/User/Documents/NetBeansProjects/BioskopAppAdmin/src/com/uas/bioskopapp/admin/connect/Konek.java</file>
            <file>file:/C:/Users/User/Documents/NetBeansProjects/BioskopAppAdmin/src/com/uas/bioskopapp/admin/Edit.java</file>
            <file>file:/C:/Users/User/Documents/NetBeansProjects/BioskopAppAdmin/src/com/uas/bioskopapp/admin/kelas/EditClass.java</file>
            <file>file:/C:/Users/User/Documents/NetBeansProjects/BioskopAppAdmin/src/com/uas/bioskopapp/admin/kelas/Akses.java</file>
            <file>file:/C:/Users/User/Documents/NetBeansProjects/BioskopAppAdmin/src/com/uas/bioskopapp/admin/DaftarFilm.java</file>
            <file>file:/C:/Users/User/Documents/NetBeansProjects/BioskopAppAdmin/src/com/uas/bioskopapp/admin/Log.java</file>
            <file>file:/C:/Users/User/Documents/NetBeansProjects/BioskopAppAdmin/src/com/uas/bioskopapp/admin/Login.java</file>
            <file>file:/C:/Users/User/Documents/NetBeansProjects/BioskopAppAdmin/src/com/uas/bioskopapp/admin/kelas/Bangku.java</file>
            <file>file:/C:/Users/User/Documents/NetBeansProjects/BioskopAppAdmin/src/com/uas/bioskopapp/admin/Menu.java</file>
            <file>file:/C:/Users/User/Documents/NetBeansProjects/BioskopAppAdmin/src/com/uas/bioskopapp/admin/Register.java</file>
            <file>file:/C:/Users/User/Documents/NetBeansProjects/BioskopAppAdmin/src/com/uas/bioskopapp/admin/LihatBangku.java</file>
            <file>file:/C:/Users/User/Documents/NetBeansProjects/BioskopAppAdmin/src/com/uas/bioskopapp/admin/DaftarBooking.java</file>
        </group>
    </open-files>
</project-private>
